,label,file_name
0,0,image_06765.jpg
1,0,image_06755.jpg
2,0,image_06768.jpg
3,0,image_06736.jpg
4,0,image_06744.jpg
5,0,image_06766.jpg
6,0,image_06771.jpg
7,0,image_06750.jpg
8,0,image_06741.jpg
9,0,image_06762.jpg
10,1,image_05145.jpg
11,1,image_05137.jpg
12,1,image_05142.jpg
13,1,image_05115.jpg
14,1,image_05091.jpg
15,1,image_05106.jpg
16,1,image_05124.jpg
17,1,image_05108.jpg
18,1,image_05097.jpg
19,1,image_05146.jpg
20,2,image_06634.jpg
21,2,image_06623.jpg
22,2,image_06632.jpg
23,2,image_06651.jpg
24,2,image_06626.jpg
25,2,image_06616.jpg
26,2,image_06624.jpg
27,2,image_06618.jpg
28,2,image_06614.jpg
29,2,image_06642.jpg
30,3,image_05662.jpg
31,3,image_05640.jpg
32,3,image_05634.jpg
33,3,image_05653.jpg
34,3,image_05636.jpg
35,3,image_05664.jpg
36,3,image_05637.jpg
37,3,image_05659.jpg
38,3,image_05638.jpg
39,3,image_05670.jpg
40,4,image_05194.jpg
41,4,image_05191.jpg
42,4,image_05186.jpg
43,4,image_05174.jpg
44,4,image_05161.jpg
45,4,image_05167.jpg
46,4,image_05164.jpg
47,4,image_05199.jpg
48,4,image_05182.jpg
49,4,image_05187.jpg
50,5,image_07194.jpg
51,5,image_08108.jpg
52,5,image_08109.jpg
53,5,image_07165.jpg
54,5,image_07169.jpg
55,5,image_07191.jpg
56,5,image_07192.jpg
57,5,image_07178.jpg
58,5,image_08105.jpg
59,5,image_07195.jpg
60,6,image_07226.jpg
61,6,image_07218.jpg
62,6,image_07229.jpg
63,6,image_07203.jpg
64,6,image_07214.jpg
65,6,image_08103.jpg
66,6,image_07233.jpg
67,6,image_07215.jpg
68,6,image_07221.jpg
69,6,image_07225.jpg
70,7,image_03333.jpg
71,7,image_03345.jpg
72,7,image_03360.jpg
73,7,image_03356.jpg
74,7,image_03313.jpg
75,7,image_03362.jpg
76,7,image_03336.jpg
77,7,image_03294.jpg
78,7,image_03302.jpg
79,7,image_03315.jpg
80,8,image_06415.jpg
81,8,image_06423.jpg
82,8,image_06438.jpg
83,8,image_06424.jpg
84,8,image_06430.jpg
85,8,image_06398.jpg
86,8,image_06404.jpg
87,8,image_06437.jpg
88,8,image_06420.jpg
89,8,image_06408.jpg
90,9,image_08095.jpg
91,9,image_08094.jpg
92,9,image_07096.jpg
93,9,image_08092.jpg
94,9,image_07107.jpg
95,9,image_07113.jpg
96,9,image_08096.jpg
97,9,image_07087.jpg
98,9,image_07098.jpg
99,9,image_07117.jpg
100,10,image_03181.jpg
101,10,image_03117.jpg
102,10,image_03164.jpg
103,10,image_03165.jpg
104,10,image_03102.jpg
105,10,image_03114.jpg
106,10,image_03150.jpg
107,10,image_03101.jpg
108,10,image_03157.jpg
109,10,image_03119.jpg
110,11,image_04019.jpg
111,11,image_04027.jpg
112,11,image_04030.jpg
113,11,image_04066.jpg
114,11,image_04009.jpg
115,11,image_04020.jpg
116,11,image_04045.jpg
117,11,image_04058.jpg
118,11,image_04059.jpg
119,11,image_04036.jpg
120,12,image_05746.jpg
121,12,image_05752.jpg
122,12,image_05789.jpg
123,12,image_05779.jpg
124,12,image_05786.jpg
125,12,image_05753.jpg
126,12,image_05783.jpg
127,12,image_05787.jpg
128,12,image_05762.jpg
129,12,image_05755.jpg
130,13,image_06075.jpg
131,13,image_06061.jpg
132,13,image_06087.jpg
133,13,image_06066.jpg
134,13,image_06052.jpg
135,13,image_06092.jpg
136,13,image_06093.jpg
137,13,image_06083.jpg
138,13,image_06058.jpg
139,13,image_06053.jpg
140,14,image_06348.jpg
141,14,image_06368.jpg
142,14,image_06350.jpg
143,14,image_06386.jpg
144,14,image_06356.jpg
145,14,image_06357.jpg
146,14,image_06384.jpg
147,14,image_06375.jpg
148,14,image_06364.jpg
149,14,image_06387.jpg
150,15,image_06681.jpg
151,15,image_06674.jpg
152,15,image_06690.jpg
153,15,image_06660.jpg
154,15,image_06688.jpg
155,15,image_06689.jpg
156,15,image_06692.jpg
157,15,image_06663.jpg
158,15,image_06652.jpg
159,15,image_06667.jpg
160,20,image_06797.jpg
161,20,image_06804.jpg
162,20,image_06781.jpg
163,20,image_06794.jpg
164,20,image_06798.jpg
165,20,image_06788.jpg
166,20,image_06800.jpg
167,20,image_06803.jpg
168,20,image_06812.jpg
169,20,image_06799.jpg
170,16,image_03875.jpg
171,16,image_03864.jpg
172,16,image_03887.jpg
173,16,image_03848.jpg
174,16,image_03835.jpg
175,16,image_03860.jpg
176,16,image_03855.jpg
177,16,image_03873.jpg
178,16,image_03908.jpg
179,16,image_03843.jpg
180,17,image_04289.jpg
181,17,image_04244.jpg
182,17,image_04299.jpg
183,17,image_04287.jpg
184,17,image_04284.jpg
185,17,image_04300.jpg
186,17,image_04252.jpg
187,17,image_04298.jpg
188,17,image_04297.jpg
189,17,image_04279.jpg
190,18,image_06161.jpg
191,18,image_06186.jpg
192,18,image_06181.jpg
193,18,image_06179.jpg
194,18,image_06175.jpg
195,18,image_06180.jpg
196,18,image_06192.jpg
197,18,image_06169.jpg
198,18,image_06170.jpg
199,18,image_06189.jpg
200,19,image_04935.jpg
201,19,image_04897.jpg
202,19,image_04904.jpg
203,19,image_04939.jpg
204,19,image_04938.jpg
205,19,image_04919.jpg
206,19,image_04923.jpg
207,19,image_04945.jpg
208,19,image_04925.jpg
209,19,image_04916.jpg
210,21,image_05374.jpg
211,21,image_05345.jpg
212,21,image_05351.jpg
213,21,image_05367.jpg
214,21,image_05362.jpg
215,21,image_05379.jpg
216,21,image_05344.jpg
217,21,image_05369.jpg
218,21,image_05396.jpg
219,21,image_05389.jpg
220,22,image_03446.jpg
221,22,image_03441.jpg
222,22,image_03442.jpg
223,22,image_03424.jpg
224,22,image_03440.jpg
225,22,image_03392.jpg
226,22,image_03395.jpg
227,22,image_03427.jpg
228,22,image_03404.jpg
229,22,image_03399.jpg
230,23,image_06816.jpg
231,23,image_06842.jpg
232,23,image_06832.jpg
233,23,image_06839.jpg
234,23,image_08048.jpg
235,23,image_06845.jpg
236,23,image_08051.jpg
237,23,image_06833.jpg
238,23,image_06828.jpg
239,23,image_06831.jpg
240,24,image_06605.jpg
241,24,image_06593.jpg
242,24,image_06590.jpg
243,24,image_06582.jpg
244,24,image_06601.jpg
245,24,image_06587.jpg
246,24,image_06592.jpg
247,24,image_06578.jpg
248,24,image_06574.jpg
249,24,image_06576.jpg
250,25,image_06491.jpg
251,25,image_06487.jpg
252,25,image_06525.jpg
253,25,image_06494.jpg
254,25,image_06522.jpg
255,25,image_06523.jpg
256,25,image_06517.jpg
257,25,image_06516.jpg
258,25,image_06515.jpg
259,25,image_06524.jpg
260,26,image_06856.jpg
261,26,image_06878.jpg
262,26,image_06870.jpg
263,26,image_06861.jpg
264,26,image_06872.jpg
265,26,image_06857.jpg
266,26,image_06855.jpg
267,26,image_06885.jpg
268,26,image_06869.jpg
269,26,image_06886.jpg
270,27,image_05243.jpg
271,27,image_05272.jpg
272,27,image_05230.jpg
273,27,image_05259.jpg
274,27,image_05260.jpg
275,27,image_05240.jpg
276,27,image_05226.jpg
277,27,image_05261.jpg
278,27,image_05234.jpg
279,27,image_05232.jpg
280,28,image_04107.jpg
281,28,image_04142.jpg
282,28,image_04139.jpg
283,28,image_04105.jpg
284,28,image_04152.jpg
285,28,image_04103.jpg
286,28,image_04127.jpg
287,28,image_04095.jpg
288,28,image_04134.jpg
289,28,image_04123.jpg
290,29,image_03488.jpg
291,29,image_03489.jpg
292,29,image_03518.jpg
293,29,image_03465.jpg
294,29,image_03484.jpg
295,29,image_03528.jpg
296,29,image_03473.jpg
297,29,image_03510.jpg
298,29,image_03538.jpg
299,29,image_03505.jpg
300,30,image_06902.jpg
301,30,image_08075.jpg
302,30,image_06892.jpg
303,30,image_06909.jpg
304,30,image_08076.jpg
305,30,image_06911.jpg
306,30,image_06910.jpg
307,30,image_08074.jpg
308,30,image_08065.jpg
309,30,image_06922.jpg
310,31,image_05588.jpg
311,31,image_05585.jpg
312,31,image_05599.jpg
313,31,image_05601.jpg
314,31,image_05616.jpg
315,31,image_05590.jpg
316,31,image_05609.jpg
317,31,image_05625.jpg
318,31,image_05595.jpg
319,31,image_05619.jpg
320,32,image_06443.jpg
321,32,image_06474.jpg
322,32,image_06453.jpg
323,32,image_06460.jpg
324,32,image_06480.jpg
325,32,image_06450.jpg
326,32,image_06459.jpg
327,32,image_06449.jpg
328,32,image_06468.jpg
329,32,image_06481.jpg
330,33,image_06931.jpg
331,33,image_06947.jpg
332,33,image_06936.jpg
333,33,image_06946.jpg
334,33,image_06950.jpg
335,33,image_06962.jpg
336,33,image_06956.jpg
337,33,image_06940.jpg
338,33,image_06966.jpg
339,33,image_06941.jpg
340,34,image_06980.jpg
341,34,image_06973.jpg
342,34,image_07000.jpg
343,34,image_06982.jpg
344,34,image_08088.jpg
345,34,image_08086.jpg
346,34,image_06989.jpg
347,34,image_06994.jpg
348,34,image_06979.jpg
349,34,image_06972.jpg
350,35,image_04347.jpg
351,35,image_04329.jpg
352,35,image_04395.jpg
353,35,image_04400.jpg
354,35,image_04333.jpg
355,35,image_04338.jpg
356,35,image_04341.jpg
357,35,image_04369.jpg
358,35,image_04327.jpg
359,35,image_04358.jpg
360,36,image_07294.jpg
361,36,image_03811.jpg
362,36,image_03802.jpg
363,36,image_03783.jpg
364,36,image_03791.jpg
365,36,image_03769.jpg
366,36,image_03787.jpg
367,36,image_07290.jpg
368,36,image_03761.jpg
369,36,image_03822.jpg
370,37,image_05796.jpg
371,37,image_05815.jpg
372,37,image_05823.jpg
373,37,image_05794.jpg
374,37,image_05798.jpg
375,37,image_05809.jpg
376,37,image_05832.jpg
377,37,image_05839.jpg
378,37,image_05828.jpg
379,37,image_05819.jpg
380,38,image_07039.jpg
381,38,image_07025.jpg
382,38,image_07030.jpg
383,38,image_07010.jpg
384,38,image_07013.jpg
385,38,image_07045.jpg
386,38,image_07023.jpg
387,38,image_07026.jpg
388,38,image_07043.jpg
389,38,image_07019.jpg
390,39,image_04583.jpg
391,39,image_04558.jpg
392,39,image_04605.jpg
393,39,image_04566.jpg
394,39,image_04573.jpg
395,39,image_04563.jpg
396,39,image_04586.jpg
397,39,image_04582.jpg
398,39,image_04614.jpg
399,39,image_04572.jpg
400,40,image_02205.jpg
401,40,image_02279.jpg
402,40,image_02209.jpg
403,40,image_02307.jpg
404,40,image_02231.jpg
405,40,image_02197.jpg
406,40,image_02191.jpg
407,40,image_02257.jpg
408,40,image_02310.jpg
409,40,image_02275.jpg
410,41,image_05718.jpg
411,41,image_05685.jpg
412,41,image_05689.jpg
413,41,image_05740.jpg
414,41,image_05731.jpg
415,41,image_05699.jpg
416,41,image_05721.jpg
417,41,image_05727.jpg
418,41,image_05728.jpg
419,41,image_05724.jpg
420,42,image_02357.jpg
421,42,image_02340.jpg
422,42,image_02400.jpg
423,42,image_02408.jpg
424,42,image_02386.jpg
425,42,image_02445.jpg
426,42,image_02373.jpg
427,42,image_02420.jpg
428,42,image_02353.jpg
429,42,image_02404.jpg
430,43,image_01582.jpg
431,43,image_01500.jpg
432,43,image_01525.jpg
433,43,image_01566.jpg
434,43,image_01528.jpg
435,43,image_01552.jpg
436,43,image_01534.jpg
437,43,image_01539.jpg
438,43,image_01545.jpg
439,43,image_01533.jpg
440,44,image_07140.jpg
441,44,image_07130.jpg
442,44,image_07142.jpg
443,44,image_07136.jpg
444,44,image_07153.jpg
445,44,image_07125.jpg
446,44,image_07156.jpg
447,44,image_07135.jpg
448,44,image_07131.jpg
449,44,image_07144.jpg
450,45,image_01019.jpg
451,45,image_00986.jpg
452,45,image_01028.jpg
453,45,image_01101.jpg
454,45,image_01122.jpg
455,45,image_01142.jpg
456,45,image_01131.jpg
457,45,image_01052.jpg
458,45,image_00964.jpg
459,45,image_01126.jpg
460,46,image_04968.jpg
461,46,image_05004.jpg
462,46,image_04993.jpg
463,46,image_04975.jpg
464,46,image_05000.jpg
465,46,image_05015.jpg
466,46,image_04970.jpg
467,46,image_04986.jpg
468,46,image_05010.jpg
469,46,image_04978.jpg
470,47,image_04690.jpg
471,47,image_04676.jpg
472,47,image_04694.jpg
473,47,image_04625.jpg
474,47,image_04672.jpg
475,47,image_04660.jpg
476,47,image_04689.jpg
477,47,image_04683.jpg
478,47,image_04645.jpg
479,47,image_04663.jpg
480,48,image_06243.jpg
481,48,image_06229.jpg
482,48,image_06214.jpg
483,48,image_06218.jpg
484,48,image_06237.jpg
485,48,image_06233.jpg
486,48,image_06206.jpg
487,48,image_06242.jpg
488,48,image_06232.jpg
489,48,image_06213.jpg
490,49,image_06310.jpg
491,49,image_06308.jpg
492,49,image_06547.jpg
493,49,image_06335.jpg
494,49,image_06567.jpg
495,49,image_06556.jpg
496,49,image_06531.jpg
497,49,image_06550.jpg
498,49,image_06333.jpg
499,49,image_06549.jpg
500,50,image_03955.jpg
501,50,image_01317.jpg
502,50,image_03967.jpg
503,50,image_03935.jpg
504,50,image_01385.jpg
505,50,image_01448.jpg
506,50,image_01417.jpg
507,50,image_01324.jpg
508,50,image_01455.jpg
509,50,image_01456.jpg
510,51,image_04215.jpg
511,51,image_04223.jpg
512,51,image_04167.jpg
513,51,image_04236.jpg
514,51,image_04189.jpg
515,51,image_04208.jpg
516,51,image_04224.jpg
517,51,image_04241.jpg
518,51,image_04234.jpg
519,51,image_04238.jpg
520,52,image_03681.jpg
521,52,image_03730.jpg
522,52,image_03691.jpg
523,52,image_03667.jpg
524,52,image_03651.jpg
525,52,image_03725.jpg
526,52,image_03719.jpg
527,52,image_03666.jpg
528,52,image_03729.jpg
529,52,image_03722.jpg
530,53,image_05412.jpg
531,53,image_05419.jpg
532,53,image_05431.jpg
533,53,image_05407.jpg
534,53,image_05443.jpg
535,53,image_05425.jpg
536,53,image_05400.jpg
537,53,image_05428.jpg
538,53,image_05437.jpg
539,53,image_05430.jpg
540,54,image_04740.jpg
541,54,image_04746.jpg
542,54,image_04735.jpg
543,54,image_04757.jpg
544,54,image_04726.jpg
545,54,image_04720.jpg
546,54,image_04723.jpg
547,54,image_04703.jpg
548,54,image_04741.jpg
549,54,image_04758.jpg
550,55,image_02848.jpg
551,55,image_02762.jpg
552,55,image_02776.jpg
553,55,image_02828.jpg
554,55,image_02779.jpg
555,55,image_02770.jpg
556,55,image_02852.jpg
557,55,image_02812.jpg
558,55,image_02832.jpg
559,55,image_02761.jpg
560,56,image_08126.jpg
561,56,image_07258.jpg
562,56,image_08122.jpg
563,56,image_08118.jpg
564,56,image_07247.jpg
565,56,image_07237.jpg
566,56,image_08135.jpg
567,56,image_08148.jpg
568,56,image_07235.jpg
569,56,image_07264.jpg
570,57,image_02706.jpg
571,57,image_02684.jpg
572,57,image_02649.jpg
573,57,image_02675.jpg
574,57,image_02689.jpg
575,57,image_02671.jpg
576,57,image_02643.jpg
577,57,image_02688.jpg
578,57,image_02716.jpg
579,57,image_02748.jpg
580,58,image_05066.jpg
581,58,image_05042.jpg
582,58,image_05081.jpg
583,58,image_05036.jpg
584,58,image_05040.jpg
585,58,image_05071.jpg
586,58,image_05083.jpg
587,58,image_05062.jpg
588,58,image_05046.jpg
589,58,image_05074.jpg
590,59,image_03012.jpg
591,59,image_02981.jpg
592,59,image_02945.jpg
593,59,image_02939.jpg
594,59,image_02963.jpg
595,59,image_02927.jpg
596,59,image_02996.jpg
597,59,image_02949.jpg
598,59,image_03006.jpg
599,59,image_02944.jpg
600,60,image_06275.jpg
601,60,image_06248.jpg
602,60,image_06292.jpg
603,60,image_06261.jpg
604,60,image_06254.jpg
605,60,image_06273.jpg
606,60,image_06285.jpg
607,60,image_06280.jpg
608,60,image_06256.jpg
609,60,image_06252.jpg
610,61,image_08161.jpg
611,61,image_08177.jpg
612,61,image_08165.jpg
613,61,image_07279.jpg
614,61,image_08167.jpg
615,61,image_08154.jpg
616,61,image_07274.jpg
617,61,image_08175.jpg
618,61,image_08164.jpg
619,61,image_08166.jpg
620,62,image_05876.jpg
621,62,image_05900.jpg
622,62,image_05896.jpg
623,62,image_05874.jpg
624,62,image_05888.jpg
625,62,image_05891.jpg
626,62,image_05897.jpg
627,62,image_05881.jpg
628,62,image_05893.jpg
629,62,image_05866.jpg
630,63,image_06105.jpg
631,63,image_06127.jpg
632,63,image_06129.jpg
633,63,image_06119.jpg
634,63,image_06133.jpg
635,63,image_06118.jpg
636,63,image_06144.jpg
637,63,image_06101.jpg
638,63,image_06122.jpg
639,63,image_06142.jpg
640,64,image_03262.jpg
641,64,image_03283.jpg
642,64,image_03237.jpg
643,64,image_03229.jpg
644,64,image_03253.jpg
645,64,image_03183.jpg
646,64,image_03215.jpg
647,64,image_03269.jpg
648,64,image_03256.jpg
649,64,image_03270.jpg
650,65,image_05576.jpg
651,65,image_05564.jpg
652,65,image_05523.jpg
653,65,image_05571.jpg
654,65,image_05560.jpg
655,65,image_05573.jpg
656,65,image_05567.jpg
657,65,image_05563.jpg
658,65,image_05581.jpg
659,65,image_05538.jpg
660,66,image_07058.jpg
661,66,image_07065.jpg
662,66,image_08078.jpg
663,66,image_07059.jpg
664,66,image_07061.jpg
665,66,image_07080.jpg
666,66,image_07069.jpg
667,66,image_07063.jpg
668,66,image_07052.jpg
669,66,image_07082.jpg
670,67,image_05937.jpg
671,67,image_05922.jpg
672,67,image_05931.jpg
673,67,image_05916.jpg
674,67,image_05906.jpg
675,67,image_05950.jpg
676,67,image_05918.jpg
677,67,image_05925.jpg
678,67,image_05951.jpg
679,67,image_05947.jpg
680,68,image_05972.jpg
681,68,image_05986.jpg
682,68,image_06010.jpg
683,68,image_05983.jpg
684,68,image_05994.jpg
685,68,image_05974.jpg
686,68,image_05964.jpg
687,68,image_06000.jpg
688,68,image_05997.jpg
689,68,image_06002.jpg
690,69,image_05330.jpg
691,69,image_05310.jpg
692,69,image_05321.jpg
693,69,image_05333.jpg
694,69,image_05279.jpg
695,69,image_05309.jpg
696,69,image_05289.jpg
697,69,image_05306.jpg
698,69,image_05336.jpg
699,69,image_05292.jpg
700,70,image_04524.jpg
701,70,image_04491.jpg
702,70,image_04538.jpg
703,70,image_04507.jpg
704,70,image_04500.jpg
705,70,image_04554.jpg
706,70,image_04518.jpg
707,70,image_04488.jpg
708,70,image_04523.jpg
709,70,image_04537.jpg
710,71,image_03579.jpg
711,71,image_03612.jpg
712,71,image_03597.jpg
713,71,image_03609.jpg
714,71,image_03637.jpg
715,71,image_03548.jpg
716,71,image_03555.jpg
717,71,image_03582.jpg
718,71,image_03619.jpg
719,71,image_03617.jpg
720,72,image_00411.jpg
721,72,image_00442.jpg
722,72,image_00444.jpg
723,72,image_00383.jpg
724,72,image_00319.jpg
725,72,image_00401.jpg
726,72,image_00297.jpg
727,72,image_00274.jpg
728,72,image_00380.jpg
729,72,image_00375.jpg
730,73,image_01213.jpg
731,73,image_01236.jpg
732,73,image_01295.jpg
733,73,image_01234.jpg
734,73,image_01221.jpg
735,73,image_01285.jpg
736,73,image_01270.jpg
737,73,image_01254.jpg
738,73,image_01304.jpg
739,73,image_01176.jpg
740,74,image_02080.jpg
741,74,image_02182.jpg
742,74,image_02125.jpg
743,74,image_02075.jpg
744,74,image_02146.jpg
745,74,image_02166.jpg
746,74,image_02183.jpg
747,74,image_02184.jpg
748,74,image_02087.jpg
749,74,image_02081.jpg
750,75,image_02458.jpg
751,75,image_02519.jpg
752,75,image_02454.jpg
753,75,image_02485.jpg
754,75,image_02523.jpg
755,75,image_02507.jpg
756,75,image_02471.jpg
757,75,image_02521.jpg
758,75,image_02500.jpg
759,75,image_02475.jpg
760,76,image_00116.jpg
761,76,image_00126.jpg
762,76,image_00144.jpg
763,76,image_00216.jpg
764,76,image_00079.jpg
765,76,image_00118.jpg
766,76,image_00028.jpg
767,76,image_00036.jpg
768,76,image_00200.jpg
769,76,image_00177.jpg
770,77,image_01923.jpg
771,77,image_01918.jpg
772,77,image_01855.jpg
773,77,image_01942.jpg
774,77,image_01904.jpg
775,77,image_01932.jpg
776,77,image_01852.jpg
777,77,image_01832.jpg
778,77,image_01900.jpg
779,77,image_01831.jpg
780,78,image_06715.jpg
781,78,image_06693.jpg
782,78,image_06714.jpg
783,78,image_06700.jpg
784,78,image_06699.jpg
785,78,image_06717.jpg
786,78,image_06704.jpg
787,78,image_06710.jpg
788,78,image_06697.jpg
789,78,image_06698.jpg
790,79,image_02003.jpg
791,79,image_01972.jpg
792,79,image_01987.jpg
793,79,image_01966.jpg
794,79,image_02006.jpg
795,79,image_01997.jpg
796,79,image_01973.jpg
797,79,image_01975.jpg
798,79,image_01990.jpg
799,79,image_02014.jpg
800,80,image_00864.jpg
801,80,image_00848.jpg
802,80,image_00893.jpg
803,80,image_00876.jpg
804,80,image_00912.jpg
805,80,image_00921.jpg
806,80,image_00922.jpg
807,80,image_00888.jpg
808,80,image_00803.jpg
809,80,image_00945.jpg
810,81,image_01587.jpg
811,81,image_01691.jpg
812,81,image_01613.jpg
813,81,image_01627.jpg
814,81,image_01602.jpg
815,81,image_01639.jpg
816,81,image_01654.jpg
817,81,image_01655.jpg
818,81,image_01640.jpg
819,81,image_01690.jpg
820,82,image_01705.jpg
821,82,image_01785.jpg
822,82,image_01715.jpg
823,82,image_01759.jpg
824,82,image_01779.jpg
825,82,image_01821.jpg
826,82,image_01819.jpg
827,82,image_01760.jpg
828,82,image_01716.jpg
829,82,image_01816.jpg
830,83,image_02554.jpg
831,83,image_02609.jpg
832,83,image_02578.jpg
833,83,image_02583.jpg
834,83,image_02573.jpg
835,83,image_02600.jpg
836,83,image_02601.jpg
837,83,image_02598.jpg
838,83,image_02614.jpg
839,83,image_02565.jpg
840,84,image_04806.jpg
841,84,image_04827.jpg
842,84,image_04797.jpg
843,84,image_04807.jpg
844,84,image_04776.jpg
845,84,image_04771.jpg
846,84,image_04779.jpg
847,84,image_04770.jpg
848,84,image_04772.jpg
849,84,image_04814.jpg
850,85,image_02916.jpg
851,85,image_02911.jpg
852,85,image_02894.jpg
853,85,image_02880.jpg
854,85,image_02901.jpg
855,85,image_02884.jpg
856,85,image_02863.jpg
857,85,image_02876.jpg
858,85,image_02866.jpg
859,85,image_02879.jpg
860,86,image_05484.jpg
861,86,image_05498.jpg
862,86,image_05517.jpg
863,86,image_05485.jpg
864,86,image_05479.jpg
865,86,image_05491.jpg
866,86,image_05510.jpg
867,86,image_05461.jpg
868,86,image_05472.jpg
869,86,image_05475.jpg
870,87,image_00587.jpg
871,87,image_00534.jpg
872,87,image_00485.jpg
873,87,image_00487.jpg
874,87,image_00514.jpg
875,87,image_00590.jpg
876,87,image_00501.jpg
877,87,image_00564.jpg
878,87,image_00576.jpg
879,87,image_00535.jpg
880,88,image_00656.jpg
881,88,image_00695.jpg
882,88,image_00668.jpg
883,88,image_00672.jpg
884,88,image_00717.jpg
885,88,image_00737.jpg
886,88,image_00664.jpg
887,88,image_00666.jpg
888,88,image_00773.jpg
889,88,image_00667.jpg
890,89,image_04475.jpg
891,89,image_04464.jpg
892,89,image_04438.jpg
893,89,image_04443.jpg
894,89,image_04428.jpg
895,89,image_04458.jpg
896,89,image_04480.jpg
897,89,image_04418.jpg
898,89,image_04449.jpg
899,89,image_07300.jpg
900,90,image_04860.jpg
901,90,image_04851.jpg
902,90,image_04836.jpg
903,90,image_04846.jpg
904,90,image_04855.jpg
905,90,image_04829.jpg
906,90,image_08056.jpg
907,90,image_04852.jpg
908,90,image_08057.jpg
909,90,image_04885.jpg
910,91,image_03034.jpg
911,91,image_03080.jpg
912,91,image_03038.jpg
913,91,image_03072.jpg
914,91,image_03069.jpg
915,91,image_03046.jpg
916,91,image_03050.jpg
917,91,image_03051.jpg
918,91,image_03093.jpg
919,91,image_03058.jpg
920,92,image_06017.jpg
921,92,image_06038.jpg
922,92,image_06013.jpg
923,92,image_06033.jpg
924,92,image_06016.jpg
925,92,image_06045.jpg
926,92,image_08115.jpg
927,92,image_08112.jpg
928,92,image_06027.jpg
929,92,image_06040.jpg
930,93,image_07448.jpg
931,93,image_07307.jpg
932,93,image_07354.jpg
933,93,image_07326.jpg
934,93,image_07434.jpg
935,93,image_07351.jpg
936,93,image_07371.jpg
937,93,image_07315.jpg
938,93,image_07424.jpg
939,93,image_07389.jpg
940,94,image_07562.jpg
941,94,image_07564.jpg
942,94,image_07518.jpg
943,94,image_07549.jpg
944,94,image_07571.jpg
945,94,image_07587.jpg
946,94,image_07528.jpg
947,94,image_07570.jpg
948,94,image_07560.jpg
949,94,image_07546.jpg
950,95,image_07617.jpg
951,95,image_07600.jpg
952,95,image_07628.jpg
953,95,image_07662.jpg
954,95,image_07619.jpg
955,95,image_07599.jpg
956,95,image_07604.jpg
957,95,image_07634.jpg
958,95,image_07630.jpg
959,95,image_07653.jpg
960,96,image_07748.jpg
961,96,image_07709.jpg
962,96,image_07708.jpg
963,96,image_07742.jpg
964,96,image_07690.jpg
965,96,image_07711.jpg
966,96,image_07706.jpg
967,96,image_07741.jpg
968,96,image_07710.jpg
969,96,image_07707.jpg
970,97,image_07790.jpg
971,97,image_07802.jpg
972,97,image_07762.jpg
973,97,image_07823.jpg
974,97,image_07825.jpg
975,97,image_07771.jpg
976,97,image_07817.jpg
977,97,image_07781.jpg
978,97,image_07803.jpg
979,97,image_07797.jpg
980,98,image_08064.jpg
981,98,image_07851.jpg
982,98,image_07891.jpg
983,98,image_08063.jpg
984,98,image_07871.jpg
985,98,image_07863.jpg
986,98,image_07868.jpg
987,98,image_07862.jpg
988,98,image_07876.jpg
989,98,image_07872.jpg
990,99,image_07924.jpg
991,99,image_07913.jpg
992,99,image_07900.jpg
993,99,image_07908.jpg
994,99,image_07930.jpg
995,99,image_07914.jpg
996,99,image_07918.jpg
997,99,image_07934.jpg
998,99,image_07910.jpg
999,99,image_07941.jpg
1000,100,image_07954.jpg
1001,100,image_07988.jpg
1002,100,image_07972.jpg
1003,100,image_07967.jpg
1004,100,image_07963.jpg
1005,100,image_07974.jpg
1006,100,image_07942.jpg
1007,100,image_07952.jpg
1008,100,image_07986.jpg
1009,100,image_07983.jpg
1010,101,image_08018.jpg
1011,101,image_08003.jpg
1012,101,image_08033.jpg
1013,101,image_08007.jpg
1014,101,image_08024.jpg
1015,101,image_08004.jpg
1016,101,image_08013.jpg
1017,101,image_08026.jpg
1018,101,image_08036.jpg
1019,101,image_08041.jpg
